word,Avoiding_IN
raze,Paranoid
bewildered,Paranoid
believe,Paranoid
appearing,Paranoid
interest_group,Paranoid
matter_to,Paranoid
room,Paranoid
hazard,Paranoid
roll_in_the_hay,Paranoid
up,Paranoid
tear_down,Paranoid
attack,Paranoid
hoi_polloi,Paranoid
debar,Paranoid
invalidate,Paranoid
dismantle,Paranoid
braggy,Paranoid
burden,Paranoid
concern,Paranoid
protagonist,Paranoid
retrieve,Paranoid
range,Paranoid
chemical_group,Paranoid
call_back,Paranoid
reduce,Paranoid
imagine,Paranoid
put_out,Paranoid
metre,Paranoid
notice,Paranoid
have_in_mind,Paranoid
brood,Paranoid
Friend,Paranoid
young_woman,Paranoid
passion,Paranoid
receive,Paranoid
drop_a_line,Paranoid
appendage,Paranoid
time,Paranoid
vainglorious,Paranoid
write,Paranoid
solar_day,Paranoid
leave_alone,Paranoid
yesteryear,Paranoid
lonliness,Paranoid
operate,Paranoid
make_grow,Paranoid
family_relationship,Paranoid
degree,Paranoid
dead_reckoning,Paranoid
obnubilate,Paranoid
aggrandising,Paranoid
essay,Paranoid
slant,Paranoid
publish,Paranoid
tyke,Paranoid
bother,Paranoid
sense,Paranoid
endure,Paranoid
fourth_dimension,Paranoid
intragroup,Paranoid
child,Paranoid
hypothesis,Paranoid
interrogative,Paranoid
parting,Paranoid
prominent,Paranoid
get_at,Paranoid
bragging,Paranoid
hold_out,Paranoid
friend,Paranoid
determine,Paranoid
cognizance,Paranoid
get_hold,Paranoid
worry,Paranoid
recall,Paranoid
flavour,Paranoid
void,Paranoid
mean,Paranoid
surd,Paranoid
kid,Paranoid
aggrandizing,Paranoid
vamper,Paranoid
present,Paranoid
meet,Paranoid
ride,Paranoid
incline,Paranoid
flavor,Paranoid
phallus,Paranoid
fulfill,Paranoid
lovemaking,Paranoid
making_love,Paranoid
Day,Paranoid
avoid,Paranoid
venture,Paranoid
engagement,Paranoid
call_up,Paranoid
mortal,Paranoid
exist,Paranoid
inverse,Paranoid
leave_of_absence,Paranoid
englut,Paranoid
intemperate,Paranoid
run_afoul,Paranoid
argue,Paranoid
overweight,Paranoid
beleaguer,Paranoid
speculation,Paranoid
coming_into_court,Paranoid
rivet,Paranoid
nullify,Paranoid
pain_in_the_ass,Paranoid
confused,Paranoid
reckon,Paranoid
horizontal_surface,Paranoid
young,Paranoid
scan,Paranoid
hateful,Paranoid
love,Paranoid
see,Paranoid
jazz,Paranoid
Modern,Paranoid
beneficial,Paranoid
tantalization,Paranoid
put_to_work,Paranoid
scattered,Paranoid
save,Paranoid
nestling,Paranoid
pig_out,Paranoid
bed,Paranoid
confounded,Paranoid
overindulge,Paranoid
assemble,Paranoid
bouncy,Paranoid
give,Paranoid
keep_an_eye_on,Paranoid
interrogative_sentence,Paranoid
rust,Paranoid
hear,Paranoid
dispute,Paranoid
pull_up_stakes,Paranoid
ego,Paranoid
function,Paranoid
raw,Paranoid
beloved,Paranoid
break,Paranoid
unexampled,Paranoid
tiddler,Paranoid
rate,Paranoid
difference,Paranoid
educate,Paranoid
detect,Paranoid
basal,Paranoid
form,Paranoid
arise,Paranoid
certain,Paranoid
scarf_out,Paranoid
personality,Paranoid
good,Paranoid
unwavering,Paranoid
make_love,Paranoid
reliable,Paranoid
rally,Paranoid
run_across,Paranoid
contravene,Paranoid
psyche,Paranoid
converge,Paranoid
make,Paranoid
befuddled,Paranoid
ascertain,Paranoid
champion,Paranoid
overeat,Paranoid
spirit,Paranoid
mean_solar_day,Paranoid
headache,Paranoid
call_into_question,Paranoid
gormandise,Paranoid
female_child,Paranoid
diametrical,Paranoid
clock,Paranoid
inhabit,Paranoid
lick,Paranoid
learn,Paranoid
unfrequented,Paranoid
bighearted,Paranoid
decoct,Paranoid
fend_off,Paranoid
do_work,Paranoid
emotion,Paranoid
sexuality,Paranoid
big,Paranoid
solitary,Paranoid
endeavor,Paranoid
examine,Paranoid
satisfy,Paranoid
dearest,Paranoid
feed,Paranoid
pass_on,Paranoid
populate,Paranoid
grow,Paranoid
with_child,Paranoid
adjoin,Paranoid
discovery,Paranoid
pore,Paranoid
formal,Paranoid
loosen,Paranoid
exercise,Paranoid
disjointed,Paranoid
develop,Paranoid
access,Paranoid
fundament,Paranoid
flush,Paranoid
discover,Paranoid
provide,Paranoid
consciousness,Paranoid
sure,Paranoid
razz,Paranoid
allow,Paranoid
familiarize,Paranoid
elemental,Paranoid
trust,Paranoid
way,Paranoid
show,Paranoid
guessing,Paranoid
admirer,Paranoid
feel,Paranoid
fit,Paranoid
play_along,Paranoid
score,Paranoid
watch,Paranoid
new,Paranoid
concentrated,Paranoid
excite,Paranoid
opine,Paranoid
obscure,Paranoid
sexual_urge,Paranoid
ferment,Paranoid
intend,Paranoid
fuss,Paranoid
produce,Paranoid
prepare,Paranoid
live,Paranoid
play,Paranoid
worie,Paranoid
come_up,Paranoid
workplace,Paranoid
person,Paranoid
gormandize,Paranoid
flirt,Paranoid
survey,Paranoid
weight,Paranoid
discombobulate,Paranoid
attempt,Paranoid
ribbing,Paranoid
pursuit,Paranoid
masses,Paranoid
felicitous,Paranoid
wind_up,Paranoid
employment,Paranoid
orgy,Paranoid
befuddle,Paranoid
go_away,Paranoid
motion,Paranoid
try_out,Paranoid
bad,Paranoid
advantageous,Paranoid
grueling,Paranoid
spring_up,Paranoid
penis,Paranoid
surmise,Paranoid
nous,Paranoid
forfend,Paranoid
elbow_room,Paranoid
sidereal_day,Paranoid
come_on,Paranoid
stage,Paranoid
bequeath,Paranoid
taking,Paranoid
familiarise,Paranoid
true,Paranoid
dubiousness,Paranoid
work_on,Paranoid
train,Paranoid
reason,Paranoid
self,Paranoid
tease,Paranoid
story,Paranoid
declamatory,Paranoid
know,Paranoid
bounteous,Paranoid
recollect,Paranoid
motivating,Paranoid
mark,Paranoid
style,Paranoid
germinate,Paranoid
disconnected,Paranoid
jumble,Paranoid
primary,Paranoid
love_life,Paranoid
motive,Paranoid
rile,Paranoid
deplete,Paranoid
young_lady,Paranoid
stave_off,Paranoid
enceinte,Paranoid
mold,Paranoid
draw_close,Paranoid
take_care,Paranoid
overture,Paranoid
follow,Paranoid
creative_thinker,Paranoid
turgid,Paranoid
little_girl,Paranoid
act,Paranoid
annoyer,Paranoid
trace,Paranoid
primary_coil,Paranoid
recover,Paranoid
national,Paranoid
stress,Paranoid
handsome,Paranoid
confuse,Paranoid
boastful,Paranoid
vex,Paranoid
condense,Paranoid
reverse,Paranoid
intellect,Paranoid
approximate,Paranoid
gravel,Paranoid
rise,Paranoid
impression,Paranoid
sex,Paranoid
modernize,Paranoid
primary_election,Paranoid
path,Paranoid
openhanded,Paranoid
eat,Paranoid
bug,Paranoid
stuff,Paranoid
meter,Paranoid
motif,Paranoid
enjoy,Paranoid
lively,Paranoid
orotund,Paranoid
feeling,Paranoid
centralize,Paranoid
bear_in_mind,Paranoid
gruelling,Paranoid
pester,Paranoid
work,Paranoid
modernise,Paranoid
erotic_love,Paranoid
bonk,Paranoid
be_intimate,Paranoid
leave,Paranoid
feeler,Paranoid
exploit,Paranoid
have_intercourse,Paranoid
past_times,Paranoid
compose,Paranoid
cultivate,Paranoid
magnanimous,Paranoid
flat,Paranoid
springy,Paranoid
look,Paranoid
average,Paranoid
primary_feather,Paranoid
daughter,Paranoid
laborious,Paranoid
tactile_sensation,Paranoid
hump,Paranoid
body_of_work,Paranoid
apartment,Paranoid
judgment,Paranoid
grade,Paranoid
result,Paranoid
centre,Paranoid
occupy,Paranoid
comply,Paranoid
conflict,Paranoid
weighting,Paranoid
weightiness,Paranoid
past,Paranoid
minx,Paranoid
taste,Paranoid
New,Paranoid
motivative,Paranoid
motivation,Paranoid
sealed,Paranoid
throw,Paranoid
liberal,Paranoid
multitude,Paranoid
get_out,Paranoid
sexual_practice,Paranoid
turn,Paranoid
tight,Paranoid
encounter,Paranoid
thinker,Paranoid
happy,Paranoid
solve,Paranoid
approach_shot,Paranoid
retiring,Paranoid
glide_path,Paranoid
process,Paranoid
knead,Paranoid
primary_winding,Paranoid
radical,Paranoid
large,Paranoid
find,Paranoid
espouse,Paranoid
cornerstone,Paranoid
contact,Paranoid
originate,Paranoid
heavy,Paranoid
ally,Paranoid
cod,Paranoid
recrudesce,Paranoid
tantalize,Paranoid
hour_interval,Paranoid
dependable,Paranoid
fluff,Paranoid
struggle,Paranoid
master,Paranoid
take,Paranoid
kinship,Paranoid
layer,Paranoid
booster,Paranoid
minor,Paranoid
satiate,Paranoid
ground_level,Paranoid
belief,Paranoid
Clarence_Day,Paranoid
basis,Paranoid
fair,Paranoid
operose,Paranoid
head,Paranoid
doubtfulness,Paranoid
adult,Paranoid
forget,Paranoid
illogical,Paranoid
annoyance,Paranoid
plane,Paranoid
disconcert,Paranoid
interrogate,Paranoid
youngster,Paranoid
glide_slope,Paranoid
listen,Paranoid
eat_on,Paranoid
manner,Paranoid
newfangled,Paranoid
difficult,Paranoid
missy,Paranoid
shape,Paranoid
need,Paranoid
bombastic,Paranoid
come_near,Paranoid
test,Paranoid
acquaint,Paranoid
draw_near,Paranoid
trouble,Paranoid
find_out,Paranoid
go_up,Paranoid
fresh,Paranoid
gradation,Paranoid
guess,Paranoid
lean,Paranoid
prison_term,Paranoid
chafe,Paranoid
bemused,Paranoid
mean_value,Paranoid
diametric,Paranoid
idea,Paranoid
conform_to,Paranoid
upset,Paranoid
hassle,Paranoid
strain,Paranoid
sake,Paranoid
care,Paranoid
mould,Paranoid
estimate,Paranoid
approach,Paranoid
coming,Paranoid
deflect,Paranoid
infliction,Paranoid
consider,Paranoid
expectant,Paranoid
hoop,Paranoid
obviate,Paranoid
interview,Paranoid
giving,Paranoid
mingy,Paranoid
card,Paranoid
spell,Paranoid
supporter,Paranoid
knowingness,Paranoid
entail,Paranoid
endeavour,Paranoid
binge,Paranoid
run,Paranoid
arm,Paranoid
build_up,Paranoid
entrust,Paranoid
grounds,Paranoid
beware,Paranoid
prove,Paranoid
hard,Paranoid
foregather,Paranoid
lost,Paranoid
sex_activity,Paranoid
chance,Paranoid
adiposis,Paranoid
bump,Paranoid
sexual_love,Paranoid
glad,Paranoid
class,Paranoid
pastime,Paranoid
fulfil,Paranoid
motor,Paranoid
happen,Paranoid
sexual_activity,Paranoid
disordered,Paranoid
paired,Paranoid
go_out,Paranoid
swelled,Paranoid
grownup,Paranoid
go,Paranoid
incur,Paranoid
direction,Paranoid
digest,Paranoid
tough,Paranoid
corpulence,Paranoid
angle,Paranoid
difference_of_opinion,Paranoid
inquiry,Paranoid
grown,Paranoid
signify,Paranoid
surveil,Paranoid
engorge,Paranoid
shot,Paranoid
study,Paranoid
involvement,Paranoid
fry,Paranoid
uncovering,Paranoid
rank,Paranoid
chosen,Paranoid
soul,Paranoid
dwell,Paranoid
tear,Paranoid
fashion,Paranoid
match,Paranoid
foundation,Paranoid
forefend,Paranoid
observe,Paranoid
onthe,Paranoid
sports_meeting,Paranoid
novel,Paranoid
arduous,Paranoid
small_fry,Paranoid
unvoiced,Paranoid
dear,Paranoid
lie_in,Paranoid
ground,Paranoid
fleshy,Paranoid
tied,Paranoid
introduce,Paranoid
infringe,Paranoid
member,Paranoid
honest,Paranoid
stratum,Paranoid
tier,Paranoid
great,Paranoid
free_weight,Paranoid
adopt,Paranoid
tend,Paranoid
avert,Paranoid
do_it,Paranoid
pretend,Paranoid
doubt,Paranoid
palpate,Paranoid
attractive,Paranoid
gauge,Paranoid
chief,Paranoid
relationship,Paranoid
fight,Paranoid
Quaker,Paranoid
interest,Paranoid
conventional,Paranoid
judgement,Paranoid
hold_up,Paranoid
reason_out,Paranoid
smell,Paranoid
brain,Paranoid
say,Paranoid
come_after,Paranoid
the_great_unwashed,Paranoid
people,Paranoid
interior,Paranoid
heed,Paranoid
subsist,Paranoid
appetence,Paranoid
bogge,Paranoid
reasonableness,Paranoid
inconvenience,Paranoid
quash,Paranoid
cerebrate,Paranoid
lie,Paranoid
toilsome,Paranoid
tone,Paranoid
supposition,Paranoid
query,Paranoid
evolve,Paranoid
focus,Paranoid
have_sex,Paranoid
miss,Paranoid
bust,Paranoid
face,Paranoid
try,Paranoid
twit,Paranoid
tactual_sensation,Paranoid
understand,Paranoid
level,Paranoid
conjecture,Paranoid
four_hours,Paranoid
question,Paranoid
bout,Paranoid
piece_of_work,Paranoid
agency,Paranoid
think,Paranoid
exit,Paranoid
assay,Paranoid
spirit_level,Paranoid
inner,Paranoid
finger,Paranoid
mazed,Paranoid
teaser,Paranoid
tactile_property,Paranoid
opinion,Paranoid
appetite,Paranoid
disoblige,Paranoid
bring,Paranoid
intimate,Paranoid
interestingness,Paranoid
knockout,Paranoid
infer,Paranoid
annul,Paranoid
flurry,Paranoid
physical,Paranoid
hot,Paranoid
bait,Paranoid
vamp,Paranoid
forcible,Paranoid
keep_up,Paranoid
citizenry,Paranoid
advance,Paranoid
dressed_ore,Paranoid
witness,Paranoid
annoy,Paranoid
lady_friend,Paranoid
aggroup,Paranoid
mode,Paranoid
experience,Paranoid
survive,Paranoid
teasing,Paranoid
weight_down,Paranoid
oppugn,Paranoid
fox,Paranoid
footing,Paranoid
impart,Paranoid
opposition,Paranoid
ceremonious,Paranoid
cause,Paranoid
last,Paranoid
cognisance,Paranoid
explicate,Paranoid
consume,Paranoid
unconnected,Paranoid
right_smart,Paranoid
ingurgitate,Paranoid
center,Paranoid
splurge,Paranoid
imply,Paranoid
nark,Paranoid
nettle,Paranoid
strong,Paranoid
weight_unit,Paranoid
register,Paranoid
disoriented,Paranoid
rag,Paranoid
prickteaser,Paranoid
established,Paranoid
alive,Paranoid
postdate,Paranoid
effort,Paranoid
conclude,Paranoid
succeed,Paranoid
leave_behind,Paranoid
confound,Paranoid
means,Paranoid
sample,Paranoid
guesswork,Paranoid
past_tense,Paranoid
think_of,Paranoid
fuck,Paranoid
clip,Paranoid
mind,Paranoid
exhaust,Paranoid
regain,Paranoid
gourmandize,Paranoid
contract,Paranoid
tike,Paranoid
adjudicate,Paranoid
stoutness,Paranoid
formulate,Paranoid
travel_along,Paranoid
braggart,Paranoid
order,Paranoid
fuddle,Paranoid
place,Paranoid
cock,Paranoid
crowing,Paranoid
system_of_weights,Paranoid
irritate,Paranoid
fille,Paranoid
interrogation,Paranoid
glut,Paranoid
mixed,Paranoid
acquaintance,Paranoid
stick_to,Paranoid
wonder,Paranoid
have_a_go_at_it,Paranoid
charge,Paranoid
preceding,Paranoid
crop,Paranoid
accompany,Paranoid
remember,Paranoid
fitting,Paranoid
honey,Paranoid
point,Paranoid
judge,Paranoid
obtain,Paranoid
interpret,Paranoid
meanspirited,Paranoid
pain,Paranoid
rule,Paranoid
grouping,Paranoid
way_of_life,Paranoid
vexation,Paranoid
suffer,Paranoid
seek,Paranoid
approach_path,Paranoid
floor,Paranoid
acquire,Paranoid
touch,Paranoid
freehanded,Paranoid
arouse,Paranoid
notion,Paranoid
stake,Paranoid
garbled,Paranoid
resilient,Paranoid
bedevil,Paranoid
approaching,Paranoid
read,Paranoid
nipper,Paranoid
wreak,Paranoid
groundwork,Paranoid
visual_aspect,Paranoid
oeuvre,Paranoid
unrecorded,Paranoid
battle,Paranoid
voiceless,Paranoid
opposite,Paranoid
extremity,Paranoid
take_after,Paranoid
lonely,Paranoid
run_into,Paranoid
elementary,Paranoid
consist,Paranoid
suppose,Paranoid
longlaste,Paranoid
college,Paranoid
fill,Paranoid
polar,Paranoid
daylight,Paranoid
depart,Paranoid
pursue,Paranoid
line_up,Paranoid
come,Paranoid
concentrate,Paranoid
go_about,Paranoid
home,Paranoid
get_laid,Paranoid
taunt,Paranoid
go_forth,Paranoid
internal,Paranoid
awareness,Paranoid
day,Paranoid
lone,Paranoid
botheration,Paranoid
screw,Paranoid
severe,Paranoid
indite,Paranoid
understanding,Paranoid
course,Paranoid
cogitate,Paranoid
honorable,Paranoid
pain_in_the_neck,Paranoid
lead,Paranoid
girlfriend,Paranoid
baby,Paranoid
main,Paranoid
mathematical_group,Paranoid
sentence,Paranoid
conceive,Paranoid
pen,Paranoid
individual,Paranoid
render,Paranoid
work_out,Paranoid
codependent,Paranoid
get,Paranoid
punishing,Paranoid
broken,Paranoid
discommode,Paranoid
enquiry,Paranoid
primary_quill,Paranoid
sour,Paranoid
keep_abreast,Paranoid
appetency,Paranoid
baffled,Paranoid
backbreaking,Paranoid
overgorge,Paranoid
bountiful,Paranoid
record,Paranoid
have,Paranoid
gather,Paranoid
breakthrough,Paranoid
base,Paranoid
clock_time,Paranoid
rationality,Paranoid
tumid,Paranoid
storey,Paranoid
boil_down,Paranoid
influence,Paranoid
at_sea,Paranoid
mix_up,Paranoid
human_relationship,Paranoid
centralise,Paranoid
girl,Paranoid
group,Paranoid
daytime,Paranoid
intuitive_feeling,Paranoid
corrode,Paranoid
appearance,Paranoid
vexer,Paranoid
theorise,Schizoid
cunning,Schizoid
stimulate,Schizoid
acknowledge,Schizoid
neediness,Schizoid
whitened,Schizoid
fancy,Schizoid
melanise,Schizoid
guy_wire,Schizoid
braggy,Schizoid
cipher,Schizoid
retrieve,Schizoid
range,Schizoid
stay,Schizoid
plow,Schizoid
hack,Schizoid
put_out,Schizoid
metre,Schizoid
pal,Schizoid
desexualize,Schizoid
exertion,Schizoid
young_woman,Schizoid
patronise,Schizoid
colorise,Schizoid
sic,Schizoid
write,Schizoid
solar_day,Schizoid
enquire,Schizoid
return,Schizoid
aggrandising,Schizoid
omit,Schizoid
publish,Schizoid
kit,Schizoid
feeding_bottle,Schizoid
plot_of_ground,Schizoid
design,Schizoid
public_lecture,Schizoid
stopover,Schizoid
ashen,Schizoid
determine,Schizoid
photo,Schizoid
fasten,Schizoid
flavour,Schizoid
rationalise,Schizoid
pin,Schizoid
adjust,Schizoid
begin,Schizoid
White_River,Schizoid
commemorate,Schizoid
start,Schizoid
argue,Schizoid
kilocalorie,Schizoid
young,Schizoid
come_down,Schizoid
adept,Schizoid
jazz,Schizoid
go_steady,Schizoid
put_to_work,Schizoid
like,Schizoid
pass_over,Schizoid
tailor,Schizoid
cease,Schizoid
cutting,Schizoid
rust,Schizoid
give_ear,Schizoid
scrap,Schizoid
characterisation,Schizoid
memory_board,Schizoid
function,Schizoid
untempting,Schizoid
weakened,Schizoid
verbalize,Schizoid
hair,Schizoid
hair's,Schizoid
educate,Schizoid
depiction,Schizoid
honorable_mention,Schizoid
guardianship,Schizoid
conduct,Schizoid
little,Schizoid
pawl,Schizoid
conk,Schizoid
colour_in,Schizoid
misplace,Schizoid
help_oneself,Schizoid
physical_body,Schizoid
lick,Schizoid
enunciate,Schizoid
stool,Schizoid
footling,Schizoid
memory,Schizoid
endeavor,Schizoid
cum,Schizoid
doctor,Schizoid
bozo,Schizoid
turning,Schizoid
comparable,Schizoid
spotter,Schizoid
outset,Schizoid
discover,Schizoid
hire,Schizoid
threshold,Schizoid
estimable,Schizoid
allow,Schizoid
Edward_White,Schizoid
cocker,Schizoid
score,Schizoid
admirer,Schizoid
new,Schizoid
produce,Schizoid
pass_away,Schizoid
crap,Schizoid
unhinge,Schizoid
White_person,Schizoid
envision,Schizoid
fear,Schizoid
dead_body,Schizoid
opprobrious,Schizoid
delay,Schizoid
weight,Schizoid
masses,Schizoid
icon,Schizoid
pay_heed,Schizoid
cosset,Schizoid
motion,Schizoid
room_access,Schizoid
lookout_man,Schizoid
brand,Schizoid
devote,Schizoid
poise,Schizoid
matter,Schizoid
reason,Schizoid
recollect,Schizoid
self,Schizoid
blockade,Schizoid
pitch_blackness,Schizoid
mark,Schizoid
decrease,Schizoid
desire,Schizoid
pant,Schizoid
hour,Schizoid
eyed,Schizoid
yucky,Schizoid
abide,Schizoid
rationalize,Schizoid
young_lady,Schizoid
go_game,Schizoid
crepuscle,Schizoid
take_care,Schizoid
detent,Schizoid
grease_one's_palms,Schizoid
follow,Schizoid
serve,Schizoid
salary,Schizoid
today,Schizoid
sing,Schizoid
poke_fun,Schizoid
role,Schizoid
chum,Schizoid
nerveless,Schizoid
stress,Schizoid
edit,Schizoid
handsome,Schizoid
congeal,Schizoid
fateful,Schizoid
blab,Schizoid
make_believe,Schizoid
biscuit,Schizoid
venter,Schizoid
reverse,Schizoid
whirl,Schizoid
category,Schizoid
drop,Schizoid
state,Schizoid
repellent,Schizoid
work,Schizoid
red,Schizoid
capable,Schizoid
opened,Schizoid
roll,Schizoid
firedog,Schizoid
cut_of_meat,Schizoid
deform,Schizoid
go_under,Schizoid
hump,Schizoid
shop,Schizoid
grade,Schizoid
sports_stadium,Schizoid
helper,Schizoid
centre,Schizoid
occupy,Schizoid
desex,Schizoid
require,Schizoid
cat_sleep,Schizoid
human_body,Schizoid
ane,Schizoid
wellspring,Schizoid
expert,Schizoid
discontinue,Schizoid
assistant,Schizoid
extend,Schizoid
disastrous,Schizoid
liberal,Schizoid
marvelous,Schizoid
mess,Schizoid
bottleful,Schizoid
acknowledgment,Schizoid
at_peace,Schizoid
solve,Schizoid
deficiency,Schizoid
postulate,Schizoid
twist,Schizoid
trail,Schizoid
declination,Schizoid
terminate,Schizoid
hour_interval,Schizoid
Patrick_White,Schizoid
dependable,Schizoid
take,Schizoid
saltation,Schizoid
microprocessor_chip,Schizoid
expression,Schizoid
specify,Schizoid
the_likes_of,Schizoid
use_of_goods_and_services,Schizoid
appointment,Schizoid
movement,Schizoid
visualize,Schizoid
escape,Schizoid
fare,Schizoid
corrupt,Schizoid
calorie,Schizoid
nictate,Schizoid
overnice,Schizoid
melanize,Schizoid
listen,Schizoid
contain,Schizoid
countersink,Schizoid
blinking,Schizoid
sleep,Schizoid
undetermined,Schizoid
niggling,Schizoid
establish,Schizoid
bear,Schizoid
trouble,Schizoid
enjoyment,Schizoid
cut,Schizoid
pictorial_matter,Schizoid
hassle,Schizoid
hold_back,Schizoid
care,Schizoid
blackened,Schizoid
estimate,Schizoid
hoop,Schizoid
determined,Schizoid
reckoner,Schizoid
accommodate,Schizoid
breadbasket,Schizoid
narrow,Schizoid
typecast,Schizoid
grounds,Schizoid
fuzz,Schizoid
prove,Schizoid
plosive_consonant,Schizoid
admiration,Schizoid
take_a_shit,Schizoid
swelled,Schizoid
grownup,Schizoid
declivity,Schizoid
go,Schizoid
shopping_mall,Schizoid
Andrew_D._White,Schizoid
hit,Schizoid
polish,Schizoid
angle,Schizoid
Song_dynasty,Schizoid
blend,Schizoid
grown,Schizoid
brush_up,Schizoid
downslope,Schizoid
jam,Schizoid
speckle,Schizoid
wish,Schizoid
howling,Schizoid
observe,Schizoid
weenie,Schizoid
nightfall,Schizoid
trim_down,Schizoid
decide,Schizoid
hotdog,Schizoid
dear,Schizoid
TV,Schizoid
block_up,Schizoid
guide,Schizoid
domestic_dog,Schizoid
electronic_network,Schizoid
nauseate,Schizoid
apply,Schizoid
Fall,Schizoid
random,Schizoid
regard,Schizoid
palpate,Schizoid
calamitous,Schizoid
slash,Schizoid
smell,Schizoid
people,Schizoid
cerebrate,Schizoid
eccentric,Schizoid
utilise,Schizoid
perish,Schizoid
climb_up,Schizoid
have_sex,Schizoid
chipping,Schizoid
chase_after,Schizoid
usage,Schizoid
lookout,Schizoid
try,Schizoid
gain,Schizoid
fall_behind,Schizoid
waitress,Schizoid
call,Schizoid
serious,Schizoid
bet,Schizoid
question,Schizoid
piece_of_work,Schizoid
fatal,Schizoid
starting,Schizoid
solidification,Schizoid
localise,Schizoid
flake,Schizoid
disoblige,Schizoid
bring,Schizoid
cash_in_one's_chips,Schizoid
distasteful,Schizoid
diminish,Schizoid
polish_up,Schizoid
jest_at,Schizoid
moving,Schizoid
desktop,Schizoid
take_a_leak,Schizoid
expend,Schizoid
tag,Schizoid
weight_down,Schizoid
departed,Schizoid
brother,Schizoid
micturate,Schizoid
autumn,Schizoid
open,Schizoid
stop_consonant,Schizoid
effort,Schizoid
total,Schizoid
sample,Schizoid
clip,Schizoid
exhaust,Schizoid
soup,Schizoid
talk_of_the_town,Schizoid
sting,Schizoid
movie,Schizoid
arrive_at,Schizoid
shameful,Schizoid
fantastic,Schizoid
instant,Schizoid
receptive,Schizoid
female_parent,Schizoid
cock,Schizoid
nictitate,Schizoid
period,Schizoid
hang_up,Schizoid
middle,Schizoid
put,Schizoid
acquaintance,Schizoid
proficient,Schizoid
have_a_go_at_it,Schizoid
bribe,Schizoid
remember,Schizoid
Guy,Schizoid
interpret,Schizoid
problem,Schizoid
parachuting,Schizoid
aim,Schizoid
word,Schizoid
turn_of_events,Schizoid
moment,Schizoid
wangle,Schizoid
emasculated,Schizoid
citation,Schizoid
web,Schizoid
video,Schizoid
picayune,Schizoid
acquire,Schizoid
spring,Schizoid
overleap,Schizoid
travel,Schizoid
remuneration,Schizoid
patronize,Schizoid
check,Schizoid
T._H._White,Schizoid
eubstance,Schizoid
pull_off,Schizoid
stupefied,Schizoid
flex,Schizoid
babble,Schizoid
body,Schizoid
seem,Schizoid
goodness,Schizoid
inquire,Schizoid
chocolate,Schizoid
athirst,Schizoid
fiddling,Schizoid
day,Schizoid
screw,Schizoid
indisputable,Schizoid
honorable,Schizoid
proceed,Schizoid
baby,Schizoid
computer_storage,Schizoid
data_processor,Schizoid
chip,Schizoid
whisker,Schizoid
majuscule,Schizoid
sentence,Schizoid
image,Schizoid
get,Schizoid
consistency,Schizoid
similar,Schizoid
wonderful,Schizoid
sour,Schizoid
family,Schizoid
Edward_D._White,Schizoid
utilisation,Schizoid
blockage,Schizoid
spill,Schizoid
rationality,Schizoid
infinitesimal,Schizoid
influence,Schizoid
daytime,Schizoid
assist,Schizoid
rat,Schizoid
workshop,Schizoid
short,Schizoid
crony,Schizoid
deceased,Schizoid
idiot_box,Schizoid
accept,Schizoid
burden,Schizoid
induce,Schizoid
protagonist,Schizoid
call_back,Schizoid
imagine,Schizoid
starting_signal,Schizoid
mown,Schizoid
manage,Schizoid
startle,Schizoid
hash_out,Schizoid
Friend,Schizoid
entrepot,Schizoid
vainglorious,Schizoid
black,Schizoid
seed,Schizoid
social_occasion,Schizoid
slant,Schizoid
gloss,Schizoid
sense,Schizoid
storehouse,Schizoid
track,Schizoid
bragging,Schizoid
sound,Schizoid
gelded,Schizoid
articulate,Schizoid
recall,Schizoid
issue_forth,Schizoid
mean,Schizoid
meet,Schizoid
flavor,Schizoid
snowy,Schizoid
optic,Schizoid
construct,Schizoid
wage,Schizoid
pic,Schizoid
tutelage,Schizoid
tour,Schizoid
wield,Schizoid
correct,Schizoid
culture,Schizoid
bowlful,Schizoid
frankfurter,Schizoid
sidekick,Schizoid
visualise,Schizoid
piece,Schizoid
croak,Schizoid
credit,Schizoid
screen_background,Schizoid
remove,Schizoid
save,Schizoid
cook,Schizoid
time_lag,Schizoid
give,Schizoid
located,Schizoid
bring_up,Schizoid
habituate,Schizoid
tremendous,Schizoid
repair,Schizoid
socio,Schizoid
thinned,Schizoid
block,Schizoid
spot,Schizoid
give_way,Schizoid
make_love,Schizoid
certain,Schizoid
bound,Schizoid
trim_back,Schizoid
stop_over,Schizoid
ascertain,Schizoid
disregard,Schizoid
mean_solar_day,Schizoid
hole,Schizoid
pilus,Schizoid
pack,Schizoid
learn,Schizoid
bighearted,Schizoid
bring_down,Schizoid
occur,Schizoid
shopping_centre,Schizoid
finger's_breadth,Schizoid
fixing,Schizoid
grow,Schizoid
assort,Schizoid
heave,Schizoid
arena,Schizoid
cite,Schizoid
utilize,Schizoid
shuffle,Schizoid
sure,Schizoid
loose,Schizoid
benumbed,Schizoid
dip,Schizoid
deprivation,Schizoid
patch_up,Schizoid
background_knowledge,Schizoid
fund,Schizoid
coloring,Schizoid
show,Schizoid
neat,Schizoid
photograph,Schizoid
front,Schizoid
opine,Schizoid
sail_through,Schizoid
dullard,Schizoid
plough,Schizoid
get_word,Schizoid
fix,Schizoid
play,Schizoid
mesh,Schizoid
come_up,Schizoid
peach,Schizoid
workplace,Schizoid
blackguard,Schizoid
furbish_up,Schizoid
grant,Schizoid
piffling,Schizoid
exact,Schizoid
pickle,Schizoid
decease,Schizoid
bad,Schizoid
ignore,Schizoid
deal,Schizoid
able,Schizoid
shop_class,Schizoid
ace,Schizoid
limit,Schizoid
demand,Schizoid
course_of_study,Schizoid
subscribe,Schizoid
depend,Schizoid
necessitate,Schizoid
depict,Schizoid
set,Schizoid
chassis,Schizoid
window,Schizoid
deplete,Schizoid
service,Schizoid
enceinte,Schizoid
arrange,Schizoid
open_up,Schizoid
mold,Schizoid
social_class,Schizoid
Brother,Schizoid
prick,Schizoid
meshwork,Schizoid
act,Schizoid
cold_shoulder,Schizoid
go_after,Schizoid
dissimilar,Schizoid
net,Schizoid
cocoa,Schizoid
hypothesise,Schizoid
afford,Schizoid
diaphragm,Schizoid
overprotect,Schizoid
feeling,Schizoid
bonk,Schizoid
be_intimate,Schizoid
compose,Schizoid
consumption,Schizoid
restore,Schizoid
part,Schizoid
micro_chip,Schizoid
mending,Schizoid
colouring,Schizoid
download,Schizoid
weighting,Schizoid
swing,Schizoid
guy,Schizoid
weightiness,Schizoid
churn_up,Schizoid
coloration,Schizoid
potato_chip,Schizoid
get_a_line,Schizoid
undefendable,Schizoid
turn,Schizoid
stash_away,Schizoid
slice,Schizoid
father,Schizoid
minute,Schizoid
tell,Schizoid
ridicule,Schizoid
total_darkness,Schizoid
range_of_a_function,Schizoid
trough,Schizoid
colouration,Schizoid
unresolved,Schizoid
disgusting,Schizoid
start_up,Schizoid
hitch,Schizoid
Clarence_Day,Schizoid
chase,Schizoid
well,Schizoid
choose,Schizoid
earn,Schizoid
draw,Schizoid
abdomen,Schizoid
finish,Schizoid
allege,Schizoid
double,Schizoid
finagle,Schizoid
browned,Schizoid
tolerate,Schizoid
assume,Schizoid
piddling,Schizoid
amount,Schizoid
remark,Schizoid
tomentum,Schizoid
count,Schizoid
prison_term,Schizoid
delineation,Schizoid
pop,Schizoid
light,Schizoid
upset,Schizoid
skilful,Schizoid
pay_back,Schizoid
recognize,Schizoid
name,Schizoid
spicy,Schizoid
pick_up,Schizoid
rear,Schizoid
consider,Schizoid
background_signal,Schizoid
expectant,Schizoid
sentry,Schizoid
blackamoor,Schizoid
avail,Schizoid
social_function,Schizoid
open_air,Schizoid
expensive,Schizoid
dada,Schizoid
downfall,Schizoid
evenfall,Schizoid
shamefaced,Schizoid
umber,Schizoid
shamed,Schizoid
short_sleep,Schizoid
thought,Schizoid
turn_back,Schizoid
skip,Schizoid
abridge,Schizoid
flash,Schizoid
decline,Schizoid
choke,Schizoid
nail_down,Schizoid
snitch,Schizoid
course_of_instruction,Schizoid
paradigm,Schizoid
overt,Schizoid
visit,Schizoid
commencement,Schizoid
peachy,Schizoid
give_chase,Schizoid
compensate,Schizoid
clear,Schizoid
daddy,Schizoid
honest,Schizoid
free_weight,Schizoid
urinate,Schizoid
arrest,Schizoid
pretend,Schizoid
betray,Schizoid
tell_on,Schizoid
dusk,Schizoid
same,Schizoid
papa,Schizoid
unintelligent,Schizoid
take_up,Schizoid
picket,Schizoid
pillock,Schizoid
fling,Schizoid
digit,Schizoid
repellant,Schizoid
laid,Schizoid
assuredness,Schizoid
painting,Schizoid
inconvenience,Schizoid
expect,Schizoid
belong,Schizoid
claim,Schizoid
patch,Schizoid
lose,Schizoid
face,Schizoid
slap,Schizoid
hardening,Schizoid
understand,Schizoid
mollycoddle,Schizoid
silicon_chip,Schizoid
four_hours,Schizoid
hound,Schizoid
routine,Schizoid
crusade,Schizoid
precipitate,Schizoid
think,Schizoid
unity,Schizoid
build,Schizoid
raging,Schizoid
grim,Schizoid
finger,Schizoid
poor_fish,Schizoid
tactile_property,Schizoid
progress_to,Schizoid
upkeep,Schizoid
assure,Schizoid
mental_picture,Schizoid
gabardine,Schizoid
facilitate,Schizoid
slight,Schizoid
outstanding,Schizoid
veer,Schizoid
derail,Schizoid
survive,Schizoid
looking,Schizoid
project,Schizoid
division,Schizoid
color,Schizoid
click,Schizoid
cause,Schizoid
let_in,Schizoid
figurer,Schizoid
burnt_umber,Schizoid
center,Schizoid
repel,Schizoid
localize,Schizoid
set_forth,Schizoid
fine,Schizoid
conclude,Schizoid
stag,Schizoid
fuck,Schizoid
situated,Schizoid
cool_down,Schizoid
contract,Schizoid
skillful,Schizoid
adjudicate,Schizoid
vividness,Schizoid
braggart,Schizoid
order,Schizoid
puff,Schizoid
semen,Schizoid
fille,Schizoid
shoot,Schizoid
cat,Schizoid
charge,Schizoid
froid,Schizoid
practiced,Schizoid
bring_in,Schizoid
physical_structure,Schizoid
select,Schizoid
point,Schizoid
mend,Schizoid
in_force,Schizoid
persuasion,Schizoid
pain,Schizoid
inglorious,Schizoid
pee,Schizoid
jumpstart,Schizoid
attending,Schizoid
emblazon,Schizoid
roast,Schizoid
skip_over,Schizoid
boob_tube,Schizoid
pipe_bowl,Schizoid
freehanded,Schizoid
dad,Schizoid
storage,Schizoid
mention,Schizoid
school_day,Schizoid
count_on,Schizoid
wishing,Schizoid
cope,Schizoid
read,Schizoid
oeuvre,Schizoid
settle,Schizoid
lilliputian,Schizoid
compute,Schizoid
run_into,Schizoid
direct,Schizoid
attain,Schizoid
suppose,Schizoid
date,Schizoid
come,Schizoid
take_in,Schizoid
get_laid,Schizoid
frame,Schizoid
salt_away,Schizoid
enter,Schizoid
secure,Schizoid
thin,Schizoid
course,Schizoid
network,Schizoid
vocal,Schizoid
commercial_message,Schizoid
conceive,Schizoid
pen,Schizoid
speculate,Schizoid
render,Schizoid
work_out,Schizoid
leap_out,Schizoid
commend,Schizoid
rig,Schizoid
revolting,Schizoid
bowl,Schizoid
speak,Schizoid
full,Schizoid
figure_of_speech,Schizoid
dictated,Schizoid
offset,Schizoid
issue,Schizoid
discolor,Schizoid
feat,Schizoid
usance,Schizoid
dazed,Schizoid
indulge,Schizoid
believe,Schizoid
presuppose,Schizoid
recognise,Schizoid
numb,Schizoid
location,Schizoid
recede,Schizoid
Set,Schizoid
contraband,Schizoid
up,Schizoid
school,Schizoid
hoi_polloi,Schizoid
consistence,Schizoid
alternate,Schizoid
add_up,Schizoid
come_out,Schizoid
exercise_set,Schizoid
reduce,Schizoid
plump,Schizoid
occasion,Schizoid
separate,Schizoid
foreshorten,Schizoid
drop_a_line,Schizoid
pudden,Schizoid
commodity,Schizoid
nifty,Schizoid
operate,Schizoid
desk,Schizoid
take_away,Schizoid
unspoilt,Schizoid
fourth_dimension,Schizoid
peerless,Schizoid
chute,Schizoid
unsex,Schizoid
friend,Schizoid
complete,Schizoid
denounce,Schizoid
Day,Schizoid
get_hold_of,Schizoid
circle,Schizoid
coddle,Schizoid
sterilise,Schizoid
make_do,Schizoid
sleepyheaded,Schizoid
marvellous,Schizoid
reckon,Schizoid
tv,Schizoid
view,Schizoid
coif,Schizoid
see,Schizoid
love,Schizoid
Modern,Schizoid
coffee,Schizoid
beneficial,Schizoid
colour,Schizoid
coiffure,Schizoid
good_turn,Schizoid
wink,Schizoid
sweat,Schizoid
rattling,Schizoid
rigid,Schizoid
cop,Schizoid
protrude,Schizoid
keep_an_eye_on,Schizoid
perturb,Schizoid
beautiful,Schizoid
John_Brown,Schizoid
allow_in,Schizoid
trivial,Schizoid
bottle,Schizoid
forty_winks,Schizoid
look_on,Schizoid
raw,Schizoid
piddle,Schizoid
form,Schizoid
blackness,Schizoid
good,Schizoid
marvel,Schizoid
generate,Schizoid
stadium,Schizoid
exposure,Schizoid
telecasting,Schizoid
run_across,Schizoid
make,Schizoid
champion,Schizoid
closure,Schizoid
loathsome,Schizoid
outfit,Schizoid
trend,Schizoid
die,Schizoid
big,Schizoid
sinister,Schizoid
feed,Schizoid
whiten,Schizoid
scout,Schizoid
with_child,Schizoid
computer_memory,Schizoid
yield,Schizoid
exercise,Schizoid
unrivalled,Schizoid
burnish,Schizoid
matchless,Schizoid
feel,Schizoid
locating,Schizoid
blink,Schizoid
effigy,Schizoid
intend,Schizoid
overlook,Schizoid
clumpy,Schizoid
postponement,Schizoid
cut_down,Schizoid
figure,Schizoid
single,Schizoid
talk,Schizoid
wait,Schizoid
bounder,Schizoid
attention,Schizoid
stupid_person,Schizoid
schooling,Schizoid
try_out,Schizoid
discuss,Schizoid
splintering,Schizoid
wondrous,Schizoid
pattern,Schizoid
go_away,Schizoid
misfire,Schizoid
stoppage,Schizoid
sterilize,Schizoid
cark,Schizoid
organic_structure,Schizoid
promenade,Schizoid
television_set,Schizoid
cut_back,Schizoid
utter,Schizoid
shopping_center,Schizoid
grass,Schizoid
work_on,Schizoid
know,Schizoid
nigrify,Schizoid
privation,Schizoid
downplay,Schizoid
catnap,Schizoid
Stanford_White,Schizoid
Brown_University,Schizoid
pronounce,Schizoid
sentiment,Schizoid
pretermit,Schizoid
dilute,Schizoid
cling,Schizoid
haircloth,Schizoid
lightlessness,Schizoid
pinpoint,Schizoid
run_short,Schizoid
heart,Schizoid
localization,Schizoid
scene,Schizoid
flick,Schizoid
mouth,Schizoid
boastful,Schizoid
support,Schizoid
manipulation,Schizoid
intellect,Schizoid
ripe,Schizoid
brownish,Schizoid
trimmed,Schizoid
rise,Schizoid
employ,Schizoid
maculation,Schizoid
turnout,Schizoid
impression,Schizoid
eat,Schizoid
call_on,Schizoid
pick_out,Schizoid
enjoy,Schizoid
thirsty,Schizoid
sleepy,Schizoid
arrive,Schizoid
deposit,Schizoid
fig,Schizoid
spread,Schizoid
verbalise,Schizoid
forethought,Schizoid
exploit,Schizoid
have_intercourse,Schizoid
jump_off,Schizoid
chocoholic,Schizoid
aspect,Schizoid
cultivate,Schizoid
head_start,Schizoid
earnings,Schizoid
look,Schizoid
neglect,Schizoid
put_up,Schizoid
iron,Schizoid
wee,Schizoid
brown,Schizoid
door,Schizoid
end,Schizoid
cognise,Schizoid
economic_class,Schizoid
petty,Schizoid
simulacrum,Schizoid
curiosity,Schizoid
gracious,Schizoid
stunned,Schizoid
undecomposed,Schizoid
public_figure,Schizoid
nice,Schizoid
New,Schizoid
unfastened,Schizoid
wienerwurst,Schizoid
puddle,Schizoid
min,Schizoid
encounter,Schizoid
duty_assignment,Schizoid
knead,Schizoid
large,Schizoid
tattle,Schizoid
heavy,Schizoid
disgraceful,Schizoid
nominate,Schizoid
ally,Schizoid
personify,Schizoid
move_around,Schizoid
hive_away,Schizoid
utilization,Schizoid
booster,Schizoid
kettle_of_fish,Schizoid
apprehension,Schizoid
adult,Schizoid
cool,Schizoid
plot,Schizoid
knap,Schizoid
sprain,Schizoid
gasp,Schizoid
swell,Schizoid
sang,Schizoid
glossiness,Schizoid
revolt,Schizoid
occlusion,Schizoid
shine,Schizoid
missy,Schizoid
need,Schizoid
get_down,Schizoid
gone,Schizoid
change_by_reversal,Schizoid
aid,Schizoid
albumen,Schizoid
guess,Schizoid
thinking,Schizoid
stand,Schizoid
campaign,Schizoid
breadth,Schizoid
strain,Schizoid
hypothecate,Schizoid
snuff_it,Schizoid
giving,Schizoid
gash,Schizoid
supporter,Schizoid
endeavour,Schizoid
quit,Schizoid
run,Schizoid
attend,Schizoid
payoff,Schizoid
trim,Schizoid
cow_chip,Schizoid
ilk,Schizoid
hypothesize,Schizoid
await,Schizoid
darn,Schizoid
eyeball,Schizoid
background,Schizoid
ejaculate,Schizoid
cute,Schizoid
capital,Schizoid
assistance,Schizoid
flesh,Schizoid
nictation,Schizoid
song,Schizoid
novel,Schizoid
starting_line,Schizoid
shit,Schizoid
blab_out,Schizoid
ground,Schizoid
blistering,Schizoid
lecture,Schizoid
refinement,Schizoid
stratum,Schizoid
adopt,Schizoid
different,Schizoid
do_it,Schizoid
elbow_grease,Schizoid
pay_up,Schizoid
collar,Schizoid
plosive,Schizoid
pudding_head,Schizoid
hold_up,Schizoid
say,Schizoid
purpose,Schizoid
the_great_unwashed,Schizoid
civilize,Schizoid
give_up,Schizoid
winking,Schizoid
string_up,Schizoid
reasonableness,Schizoid
tone,Schizoid
ovalbumin,Schizoid
rent,Schizoid
break_away,Schizoid
beginning,Schizoid
miss,Schizoid
decent,Schizoid
curve,Schizoid
dog,Schizoid
eye,Schizoid
nictitation,Schizoid
catch,Schizoid
assay,Schizoid
exit,Schizoid
theorize,Schizoid
put_in,Schizoid
estimator,Schizoid
laugh_at,Schizoid
bod,Schizoid
talking,Schizoid
note,Schizoid
go_bad,Schizoid
use,Schizoid
waiting,Schizoid
disgust,Schizoid
coolheaded,Schizoid
calculator,Schizoid
get_going,Schizoid
unmatched,Schizoid
witness,Schizoid
expire,Schizoid
blend_in,Schizoid
constitute,Schizoid
store,Schizoid
trunk,Schizoid
sicken,Schizoid
number,Schizoid
situate,Schizoid
help,Schizoid
capitulation,Schizoid
last,Schizoid
give_away,Schizoid
curing,Schizoid
supervise,Schizoid
consume,Schizoid
tail,Schizoid
backcloth,Schizoid
colouring_material,Schizoid
hot_chocolate,Schizoid
jumping,Schizoid
difficulty,Schizoid
bootleg,Schizoid
morsel,Schizoid
ready,Schizoid
look_at,Schizoid
lay_down,Schizoid
Polish,Schizoid
do,Schizoid
cocker_spaniel,Schizoid
undefended,Schizoid
band,Schizoid
subject,Schizoid
ate,Schizoid
wonder,Schizoid
one,Schizoid
fructify,Schizoid
crop,Schizoid
colorize,Schizoid
judge,Schizoid
pull_in,Schizoid
stock,Schizoid
in_effect,Schizoid
take_aim,Schizoid
primed,Schizoid
tweed,Schizoid
precious,Schizoid
frump,Schizoid
practice,Schizoid
apprehend,Schizoid
discourse,Schizoid
deletion,Schizoid
doors,Schizoid
devolve,Schizoid
stage_set,Schizoid
spill_the_beans,Schizoid
carry,Schizoid
vigil,Schizoid
money,Schizoid
Patrick_Victor_Martindale_White,Schizoid
discussing,Schizoid
pass,Schizoid
caution,Schizoid
lily,Schizoid
depart,Schizoid
trade_good,Schizoid
scratch_line,Schizoid
position,Schizoid
reference,Schizoid
localisation,Schizoid
whiteness,Schizoid
physique,Schizoid
smoothen,Schizoid
kibosh,Schizoid
picture_show,Schizoid
insure,Schizoid
rifle,Schizoid
asleep,Schizoid
undecided,Schizoid
mordant,Schizoid
undercut,Schizoid
discommode,Schizoid
blacken,Schizoid
courteous,Schizoid
pamper,Schizoid
have,Schizoid
make_up,Schizoid
clock_time,Schizoid
change_state,Schizoid
disgustful,Schizoid
corrode,Schizoid
hungry,Schizoid
bleak,Schizoid
case,Schizoid
guilty,Schizoid
blanched,Schizoid
starting_time,Schizoid
designation,Schizoid
hold,Schizoid
cooky,Schizoid
give_care,Schizoid
roll_in_the_hay,Schizoid
mentation,Schizoid
semblance,Schizoid
film,Schizoid
boom,Schizoid
concern,Schizoid
character,Schizoid
bring_forth,Schizoid
stomach,Schizoid
pose,Schizoid
time,Schizoid
commercial,Schizoid
ensure,Schizoid
solidifying,Schizoid
Miss,Schizoid
full_stop,Schizoid
essay,Schizoid
release,Schizoid
charter,Schizoid
bother,Schizoid
type,Schizoid
endure,Schizoid
handle,Schizoid
aplomb,Schizoid
prominent,Schizoid
hold_out,Schizoid
strike,Schizoid
worry,Schizoid
lease,Schizoid
unfold,Schizoid
disturb,Schizoid
facial_expression,Schizoid
aggrandizing,Schizoid
for_sure,Schizoid
bargain,Schizoid
mall,Schizoid
oculus,Schizoid
fixate,Schizoid
effective,Schizoid
large_calorie,Schizoid
mental_image,Schizoid
intercept,Schizoid
ask,Schizoid
shop_at,Schizoid
nurture,Schizoid
breeze_through,Schizoid
computing_machine,Schizoid
maintenance,Schizoid
lay,Schizoid
offer,Schizoid
distort,Schizoid
bed,Schizoid
blast,Schizoid
hear,Schizoid
hang,Schizoid
timid,Schizoid
discolour,Schizoid
prissy,Schizoid
dig,Schizoid
belly,Schizoid
break,Schizoid
unexampled,Schizoid
move,Schizoid
parachute,Schizoid
grapple,Schizoid
realise,Schizoid
barricade,Schizoid
shampoo,Schizoid
pay,Schizoid
bar,Schizoid
spirit,Schizoid
contend,Schizoid
civilise,Schizoid
tummy,Schizoid
excision,Schizoid
oversee,Schizoid
clock,Schizoid
search,Schizoid
disorder,Schizoid
purchase,Schizoid
do_work,Schizoid
examine,Schizoid
getup,Schizoid
savvy,Schizoid
brownness,Schizoid
clean,Schizoid
upright,Schizoid
control,Schizoid
sheer,Schizoid
diabete,Schizoid
distract,Schizoid
scope,Schizoid
engender,Schizoid
commence,Schizoid
fit,Schizoid
appear,Schizoid
bit,Schizoid
watch,Schizoid
pay_off,Schizoid
ecstasy,Schizoid
loving,Schizoid
moving_picture,Schizoid
ferment,Schizoid
fuss,Schizoid
bandage,Schizoid
prepare,Schizoid
live,Schizoid
precaution,Schizoid
descend,Schizoid
attempt,Schizoid
classify,Schizoid
featherbed,Schizoid
dolt,Schizoid
steal,Schizoid
hardened,Schizoid
reach,Schizoid
employment,Schizoid
television,Schizoid
gloaming,Schizoid
snub,Schizoid
flow,Schizoid
people_of_color,Schizoid
tinge,Schizoid
fountainhead,Schizoid
sidereal_day,Schizoid
blink_away,Schizoid
assignment,Schizoid
fixed,Schizoid
train,Schizoid
bounteous,Schizoid
include,Schizoid
ignominious,Schizoid
advert,Schizoid
looking_at,Schizoid
birdsong,Schizoid
resolve,Schizoid
browse,Schizoid
candid,Schizoid
surrender,Schizoid
depot,Schizoid
Ate,Schizoid
ingest,Schizoid
cultivation,Schizoid
refer,Schizoid
hug_drug,Schizoid
kilogram_calorie,Schizoid
openhanded,Schizoid
define,Schizoid
meter,Schizoid
drive,Schizoid
drinking_chocolate,Schizoid
talk_over,Schizoid
ante_up,Schizoid
bent,Schizoid
buffalo_chip,Schizoid
compass,Schizoid
magnanimous,Schizoid
nursing_bottle,Schizoid
picture,Schizoid
schooltime,Schizoid
placed,Schizoid
coloring_material,Schizoid
desexualise,Schizoid
body_of_work,Schizoid
fleck,Schizoid
declension,Schizoid
fail,Schizoid
cad,Schizoid
livid,Schizoid
bushel,Schizoid
piss,Schizoid
smash,Schizoid
cautious,Schizoid
cracking,Schizoid
smashing,Schizoid
comrade,Schizoid
taste,Schizoid
Nice,Schizoid
throw,Schizoid
multitude,Schizoid
swerve,Schizoid
slue,Schizoid
process,Schizoid
terrific,Schizoid
scratch,Schizoid
find,Schizoid
stop,Schizoid
assigning,Schizoid
dark,Schizoid
cognize,Schizoid
originate,Schizoid
babble_out,Schizoid
hangdog,Schizoid
corking,Schizoid
frequent,Schizoid
calculate,Schizoid
flannel,Schizoid
locomote,Schizoid
prototype,Schizoid
nail,Schizoid
forecast,Schizoid
superintend,Schizoid
head,Schizoid
groovy,Schizoid
eye_blink,Schizoid
pass_with_flying_colors,Schizoid
safe,Schizoid
soundbox,Schizoid
grasp,Schizoid
enjoin,Schizoid
unattractive,Schizoid
fall,Schizoid
eat_on,Schizoid
newfangled,Schizoid
spaniel,Schizoid
break_down,Schizoid
shape,Schizoid
refine,Schizoid
trouser,Schizoid
squeamish,Schizoid
naming,Schizoid
test,Schizoid
convey,Schizoid
thing,Schizoid
comprehend,Schizoid
find_out,Schizoid
crisp,Schizoid
pitch,Schizoid
jump,Schizoid
fresh,Schizoid
habit,Schizoid
crack,Schizoid
stupid,Schizoid
play_down,Schizoid
idea,Schizoid
thumb,Schizoid
computer,Schizoid
mould,Schizoid
escort,Schizoid
spoil,Schizoid
word_picture,Schizoid
tending,Schizoid
conservative,Schizoid
travail,Schizoid
sponsor,Schizoid
spell,Schizoid
smuggled,Schizoid
shoal,Schizoid
Saratoga_chip,Schizoid
full_point,Schizoid
engage,Schizoid
White,Schizoid
come_in,Schizoid
class,Schizoid
go_out,Schizoid
peg,Schizoid
exposed,Schizoid
digest,Schizoid
trusted,Schizoid
Song,Schizoid
spend_a_penny,Schizoid
study,Schizoid
unmatchable,Schizoid
break_off,Schizoid
round,Schizoid
subscribe_to,Schizoid
shortened,Schizoid
great,Schizoid
year,Schizoid
market,Schizoid
set_out,Schizoid
meshing,Schizoid
kickoff,Schizoid
discernment,Schizoid
motion_picture,Schizoid
sure_as_shooting,Schizoid
salutary,Schizoid
Quaker,Schizoid
proceeds,Schizoid
repelling,Schizoid
trope,Schizoid
reason_out,Schizoid
prune,Schizoid
snooze,Schizoid
buy_the_farm,Schizoid
accrue,Schizoid
initiate,Schizoid
shuffling,Schizoid
takings,Schizoid
cookie,Schizoid
mislay,Schizoid
plant,Schizoid
disquiet,Schizoid
conjecture,Schizoid
bout,Schizoid
Calorie,Schizoid
at_rest,Schizoid
geld,Schizoid
unrivaled,Schizoid
derive,Schizoid
poker_chip,Schizoid
opinion,Schizoid
quotation,Schizoid
bite,Schizoid
take_heed,Schizoid
want,Schizoid
heel,Schizoid
backdrop,Schizoid
see_to_it,Schizoid
rib,Schizoid
wrench,Schizoid
hot,Schizoid
pass_water,Schizoid
small,Schizoid
respectable,Schizoid
involve,Schizoid
citizenry,Schizoid
surface,Schizoid
reparation,Schizoid
unitary,Schizoid
experience,Schizoid
Negro,Schizoid
economic_consumption,Schizoid
chill,Schizoid
submit,Schizoid
buy,Schizoid
smooth,Schizoid
unspoiled,Schizoid
parent,Schizoid
typeset,Schizoid
fixture,Schizoid
weight_unit,Schizoid
inkiness,Schizoid
think_of,Schizoid
realize,Schizoid
defecate,Schizoid
readiness,Schizoid
dim,Schizoid
setting,Schizoid
seduce,Schizoid
place,Schizoid
crowing,Schizoid
Caucasian,Schizoid
system_of_weights,Schizoid
microchip,Schizoid
lot,Schizoid
eyepatch,Schizoid
nap,Schizoid
buy_at,Schizoid
electronic_computer,Schizoid
dress,Schizoid
suffer,Schizoid
mother,Schizoid
seek,Schizoid
descent,Schizoid
nab,Schizoid
hold_on,Schizoid
keen,Schizoid
typewrite,Schizoid
stinger,Schizoid
bloodless,Schizoid
snatch,Schizoid
gear_up,Schizoid
wreak,Schizoid
raise,Schizoid
create,Schizoid
lay_in,Schizoid
torso,Schizoid
withdraw,Schizoid
fill,Schizoid
intellection,Schizoid
daylight,Schizoid
tune,Schizoid
sire,Schizoid
shorten,Schizoid
characterization,Schizoid
muddle,Schizoid
hail,Schizoid
for_certain,Schizoid
become,Schizoid
slashed,Schizoid
white,Schizoid
indite,Schizoid
understanding,Schizoid
cogitate,Schizoid
halt,Schizoid
construe,Schizoid
lead,Schizoid
wicked,Schizoid
burn,Schizoid
admit,Schizoid
color_in,Schizoid
lack,Schizoid
guy_cable,Schizoid
get_wind,Schizoid
anatomy,Schizoid
bend,Schizoid
bountiful,Schizoid
jump_out,Schizoid
beget,Schizoid
baseball_swing,Schizoid
bodied,Schizoid
Black,Schizoid
intromit,Schizoid
girl,Schizoid
corresponding,Schizoid
call_up,Schizoid
scream,Neuroticism
believe,Neuroticism
room,Neuroticism
recognise,Neuroticism
short,Neuroticism
stimulate,Neuroticism
hit_the_sack,Neuroticism
hazard,Neuroticism
roll_in_the_hay,Neuroticism
break_of_serve,Neuroticism
neediness,Neuroticism
roam,Neuroticism
hoi_polloi,Neuroticism
film,Neuroticism
guy_wire,Neuroticism
rain_buckets,Neuroticism
bide,Neuroticism
comfortable,Neuroticism
accept,Neuroticism
burst,Neuroticism
add_up,Neuroticism
induce,Neuroticism
pace,Neuroticism
range,Neuroticism
protagonist,Neuroticism
breaking,Neuroticism
presume,Neuroticism
retrieve,Neuroticism
stay,Neuroticism
injure,Neuroticism
call_back,Neuroticism
phone_call,Neuroticism
confabulate,Neuroticism
plump,Neuroticism
go_against,Neuroticism
bring_forth,Neuroticism
typewriting,Neuroticism
put_out,Neuroticism
imagine,Neuroticism
metre,Neuroticism
separate,Neuroticism
have_in_mind,Neuroticism
administer,Neuroticism
pose,Neuroticism
Friend,Neuroticism
young_woman,Neuroticism
jailbreak,Neuroticism
receive,Neuroticism
drop_a_line,Neuroticism
regret,Neuroticism
rain_cats_and_dogs,Neuroticism
time,Neuroticism
commodity,Neuroticism
write,Neuroticism
leave_alone,Neuroticism
seed,Neuroticism
solar_day,Neuroticism
spite,Neuroticism
breach,Neuroticism
damage,Neuroticism
severance,Neuroticism
break_up,Neuroticism
operate,Neuroticism
heap,Neuroticism
inflict,Neuroticism
written_material,Neuroticism
Miss,Neuroticism
dead_reckoning,Neuroticism
differentiate,Neuroticism
omit,Neuroticism
publish,Neuroticism
calendar_week,Neuroticism
twin,Neuroticism
unspoilt,Neuroticism
tyke,Neuroticism
vocalize,Neuroticism
repent,Neuroticism
bother,Neuroticism
time_to_come,Neuroticism
endure,Neuroticism
split_up,Neuroticism
sense,Neuroticism
type,Neuroticism
fourth_dimension,Neuroticism
mountain,Neuroticism
child,Neuroticism
hypothesis,Neuroticism
parting,Neuroticism
public_lecture,Neuroticism
surroundings,Neuroticism
get_at,Neuroticism
current,Neuroticism
hold_out,Neuroticism
sound,Neuroticism
friend,Neuroticism
determine,Neuroticism
cognizance,Neuroticism
townspeople,Neuroticism
strike,Neuroticism
recall,Neuroticism
flavour,Neuroticism
faithful,Neuroticism
futurity,Neuroticism
mean,Neuroticism
environs,Neuroticism
fence,Neuroticism
issue_forth,Neuroticism
detriment,Neuroticism
mystify,Neuroticism
breakage,Neuroticism
kid,Neuroticism
secretive,Neuroticism
for_sure,Neuroticism
suffering,Neuroticism
roomie,Neuroticism
fortune,Neuroticism
meet,Neuroticism
fault,Neuroticism
flavor,Neuroticism
Day,Neuroticism
cave_in,Neuroticism
fulfill,Neuroticism
circle,Neuroticism
profound,Neuroticism
debate,Neuroticism
perplex,Neuroticism
effective,Neuroticism
venture,Neuroticism
engagement,Neuroticism
pic,Neuroticism
tour,Neuroticism
begin,Neuroticism
skinny,Neuroticism
roomy,Neuroticism
surround,Neuroticism
leave_of_absence,Neuroticism
fall_in,Neuroticism
start,Neuroticism
argue,Neuroticism
portion,Neuroticism
beleaguer,Neuroticism
speculation,Neuroticism
pain_in_the_ass,Neuroticism
expose,Neuroticism
collapse,Neuroticism
young,Neuroticism
shout,Neuroticism
reckon,Neuroticism
view,Neuroticism
nurture,Neuroticism
see,Neuroticism
love,Neuroticism
hateful,Neuroticism
adept,Neuroticism
swarm,Neuroticism
Modern,Neuroticism
go_steady,Neuroticism
jazz,Neuroticism
beneficial,Neuroticism
like,Neuroticism
croak,Neuroticism
offer,Neuroticism
wear,Neuroticism
nestling,Neuroticism
save,Neuroticism
bed,Neuroticism
nighttime,Neuroticism
seize,Neuroticism
assemble,Neuroticism
home_plate,Neuroticism
charge_per_unit,Neuroticism
stack,Neuroticism
give,Neuroticism
keep_an_eye_on,Neuroticism
hear,Neuroticism
bring_up,Neuroticism
hang,Neuroticism
give_ear,Neuroticism
pull_up_stakes,Neuroticism
remain,Neuroticism
bruise,Neuroticism
headed,Neuroticism
socio,Neuroticism
trivial,Neuroticism
function,Neuroticism
raw,Neuroticism
look_on,Neuroticism
come_apart,Neuroticism
break,Neuroticism
stick,Neuroticism
unexampled,Neuroticism
take_for_granted,Neuroticism
tiddler,Neuroticism
trauma,Neuroticism
rate,Neuroticism
distinguish,Neuroticism
move,Neuroticism
Old,Neuroticism
unaired,Neuroticism
spate,Neuroticism
give_way,Neuroticism
severalize,Neuroticism
certain,Neuroticism
good,Neuroticism
realise,Neuroticism
generate,Neuroticism
chew_the_fat,Neuroticism
make_love,Neuroticism
night,Neuroticism
recess,Neuroticism
travel_to,Neuroticism
run_across,Neuroticism
make,Neuroticism
fall_apart,Neuroticism
converge,Neuroticism
ascertain,Neuroticism
couple_up,Neuroticism
champion,Neuroticism
little,Neuroticism
conk,Neuroticism
spirit,Neuroticism
fate,Neuroticism
go_to_bed,Neuroticism
help_oneself,Neuroticism
mean_solar_day,Neuroticism
gap,Neuroticism
fetch,Neuroticism
break_dance,Neuroticism
memorise,Neuroticism
environment,Neuroticism
clock,Neuroticism
learn,Neuroticism
let_on,Neuroticism
injury,Neuroticism
bring_down,Neuroticism
seam,Neuroticism
footling,Neuroticism
die,Neuroticism
occur,Neuroticism
telephone,Neuroticism
disclose,Neuroticism
household,Neuroticism
satisfy,Neuroticism
cum,Neuroticism
pass_on,Neuroticism
authorship,Neuroticism
grow,Neuroticism
scout,Neuroticism
quell,Neuroticism
recount,Neuroticism
adjoin,Neuroticism
hebdomad,Neuroticism
bozo,Neuroticism
assort,Neuroticism
transgress,Neuroticism
comparable,Neuroticism
spotter,Neuroticism
develop,Neuroticism
upright,Neuroticism
listing,Neuroticism
closelipped,Neuroticism
discover,Neuroticism
provide,Neuroticism
consciousness,Neuroticism
fathom,Neuroticism
sure,Neuroticism
pinching,Neuroticism
estimable,Neuroticism
loose,Neuroticism
allow,Neuroticism
promiscuous,Neuroticism
deprivation,Neuroticism
excursive,Neuroticism
town,Neuroticism
way,Neuroticism
engender,Neuroticism
commence,Neuroticism
pour,Neuroticism
admirer,Neuroticism
feel,Neuroticism
fit,Neuroticism
chit,Neuroticism
guessing,Neuroticism
foretell,Neuroticism
watch,Neuroticism
new,Neuroticism
pay_off,Neuroticism
ecstasy,Neuroticism
opine,Neuroticism
moving_picture,Neuroticism
onetime,Neuroticism
intend,Neuroticism
fuss,Neuroticism
produce,Neuroticism
pass_away,Neuroticism
live,Neuroticism
raft,Neuroticism
get_word,Neuroticism
overlook,Neuroticism
fix,Neuroticism
future_tense,Neuroticism
play,Neuroticism
come_up,Neuroticism
descend,Neuroticism
chat,Neuroticism
pause,Neuroticism
peach,Neuroticism
circumstances,Neuroticism
blackguard,Neuroticism
talk,Neuroticism
delay,Neuroticism
larn,Neuroticism
promise,Neuroticism
value,Neuroticism
classify,Neuroticism
arrogate,Neuroticism
grant,Neuroticism
masses,Neuroticism
actualize,Neuroticism
felicitous,Neuroticism
piffling,Neuroticism
pay_heed,Neuroticism
heeled,Neuroticism
decease,Neuroticism
go_away,Neuroticism
motion,Neuroticism
prognosticate,Neuroticism
list,Neuroticism
misfire,Neuroticism
befall,Neuroticism
stoppage,Neuroticism
dampen,Neuroticism
lookout_man,Neuroticism
mommy,Neuroticism
former,Neuroticism
deal,Neuroticism
surmise,Neuroticism
flow,Neuroticism
crawl_in,Neuroticism
elbow_room,Neuroticism
sidereal_day,Neuroticism
bequeath,Neuroticism
cast,Neuroticism
utter,Neuroticism
taking,Neuroticism
assignment,Neuroticism
fixed,Neuroticism
dish_out,Neuroticism
shift,Neuroticism
harm,Neuroticism
reason,Neuroticism
know,Neuroticism
matter,Neuroticism
course_of_study,Neuroticism
materialize,Neuroticism
recollect,Neuroticism
privation,Neuroticism
stray,Neuroticism
dance,Neuroticism
come_about,Neuroticism
desire,Neuroticism
amaze,Neuroticism
style,Neuroticism
strait,Neuroticism
set,Neuroticism
fill_up,Neuroticism
advert,Neuroticism
abide,Neuroticism
succeeding,Neuroticism
easygoing,Neuroticism
pretermit,Neuroticism
rile,Neuroticism
young_lady,Neuroticism
yoke,Neuroticism
service,Neuroticism
Nox,Neuroticism
faulting,Neuroticism
weaken,Neuroticism
birdsong,Neuroticism
besiege,Neuroticism
evidence,Neuroticism
resolve,Neuroticism
go_game,Neuroticism
breakout,Neuroticism
cling,Neuroticism
straggling,Neuroticism
social_class,Neuroticism
run_short,Neuroticism
Night,Neuroticism
follow,Neuroticism
serve,Neuroticism
today,Neuroticism
sing,Neuroticism
feign,Neuroticism
poke_fun,Neuroticism
tell_apart,Neuroticism
Lot,Neuroticism
national,Neuroticism
erupt,Neuroticism
closing,Neuroticism
dissimilar,Neuroticism
flick,Neuroticism
mouth,Neuroticism
blab,Neuroticism
spend,Neuroticism
vex,Neuroticism
typing,Neuroticism
wanton,Neuroticism
whirl,Neuroticism
day_of_the_month,Neuroticism
intellect,Neuroticism
talking,Neuroticism
approximate,Neuroticism
violate,Neuroticism
ripe,Neuroticism
gravel,Neuroticism
category,Neuroticism
snug,Neuroticism
hug_drug,Neuroticism
stick_around,Neuroticism
drop,Neuroticism
state,Neuroticism
impression,Neuroticism
path,Neuroticism
batch,Neuroticism
dumbfound,Neuroticism
legal,Neuroticism
mate,Neuroticism
meter,Neuroticism
menage,Neuroticism
drive,Neuroticism
mint,Neuroticism
feeling,Neuroticism
come_together,Neuroticism
arrive,Neuroticism
bechance,Neuroticism
penny,Neuroticism
work,Neuroticism
bonk,Neuroticism
verbalise,Neuroticism
simulate,Neuroticism
bent,Neuroticism
be_intimate,Neuroticism
previous,Neuroticism
leave,Neuroticism
roll,Neuroticism
have_intercourse,Neuroticism
compose,Neuroticism
detain,Neuroticism
part,Neuroticism
jaw,Neuroticism
get_around,Neuroticism
picture,Neuroticism
wakeless,Neuroticism
look,Neuroticism
plate,Neuroticism
average,Neuroticism
neglect,Neuroticism
pullulate,Neuroticism
hump,Neuroticism
tactile_sensation,Neuroticism
forebode,Neuroticism
grade,Neuroticism
end,Neuroticism
deliberate,Neuroticism
offend,Neuroticism
helper,Neuroticism
don,Neuroticism
result,Neuroticism
economic_class,Neuroticism
fail,Neuroticism
petty,Neuroticism
require,Neuroticism
weekend,Neuroticism
guy,Neuroticism
substantiate,Neuroticism
telephone_call,Neuroticism
twelvemonth,Neuroticism
gossip,Neuroticism
smash,Neuroticism
copulate,Neuroticism
undecomposed,Neuroticism
disruption,Neuroticism
expert,Neuroticism
get_a_line,Neuroticism
discontinue,Neuroticism
New,Neuroticism
extend,Neuroticism
sealed,Neuroticism
assistant,Neuroticism
squall,Neuroticism
multitude,Neuroticism
get_out,Neuroticism
erstwhile,Neuroticism
mess,Neuroticism
turn,Neuroticism
suspension,Neuroticism
tight,Neuroticism
reasoned,Neuroticism
encounter,Neuroticism
Town,Neuroticism
happy,Neuroticism
rift,Neuroticism
open_frame,Neuroticism
weakened,Neuroticism
duty_assignment,Neuroticism
deficiency,Neuroticism
outcry,Neuroticism
break_in,Neuroticism
claver,Neuroticism
designation,Neuroticism
vocalise,Neuroticism
writing,Neuroticism
father,Neuroticism
go_on,Neuroticism
tell,Neuroticism
cogitate,Neuroticism
find,Neuroticism
cheeseparing,Neuroticism
stop,Neuroticism
ridicule,Neuroticism
dark,Neuroticism
contact,Neuroticism
smother,Neuroticism
assigning,Neuroticism
heavy,Neuroticism
god,Neuroticism
tattle,Neuroticism
babble_out,Neuroticism
ally,Neuroticism
recrudesce,Neuroticism
anticipate,Neuroticism
hour_interval,Neuroticism
dependable,Neuroticism
divulge,Neuroticism
intermit,Neuroticism
take,Neuroticism
sluttish,Neuroticism
locomote,Neuroticism
layer,Neuroticism
booster,Neuroticism
minor,Neuroticism
intermission,Neuroticism
stopping_point,Neuroticism
mummy,Neuroticism
hitch,Neuroticism
grounded,Neuroticism
belief,Neuroticism
sight,Neuroticism
Clarence_Day,Neuroticism
rest_home,Neuroticism
forget,Neuroticism
appointment,Neuroticism
closing_curtain,Neuroticism
the_likes_of,Neuroticism
slumber,Neuroticism
circumvent,Neuroticism
sustain,Neuroticism
agnize,Neuroticism
annoyance,Neuroticism
earn,Neuroticism
draw,Neuroticism
mum,Neuroticism
baffle,Neuroticism
phone,Neuroticism
sprawling,Neuroticism
mates,Neuroticism
finish,Neuroticism
call_option,Neuroticism
escape,Neuroticism
fare,Neuroticism
duo,Neuroticism
particular_date,Neuroticism
beat,Neuroticism
safe,Neuroticism
puzzle,Neuroticism
youngster,Neuroticism
enjoin,Neuroticism
Tell,Neuroticism
couple,Neuroticism
merriment,Neuroticism
listen,Neuroticism
finale,Neuroticism
fall,Neuroticism
manner,Neuroticism
newfangled,Neuroticism
missy,Neuroticism
break_down,Neuroticism
border,Neuroticism
hurt,Neuroticism
sleep,Neuroticism
assume,Neuroticism
tightlipped,Neuroticism
need,Neuroticism
comfy,Neuroticism
get_down,Neuroticism
niggling,Neuroticism
damp,Neuroticism
piddling,Neuroticism
leaning,Neuroticism
naming,Neuroticism
amount,Neuroticism
convey,Neuroticism
thing,Neuroticism
bear,Neuroticism
trouble,Neuroticism
aid,Neuroticism
actualise,Neuroticism
roommate,Neuroticism
find_out,Neuroticism
kip_down,Neuroticism
fresh,Neuroticism
prisonbreak,Neuroticism
scathe,Neuroticism
guess,Neuroticism
lean,Neuroticism
sack_out,Neuroticism
count,Neuroticism
crack,Neuroticism
chatter,Neuroticism
chafe,Neuroticism
mean_value,Neuroticism
prison_term,Neuroticism
persist,Neuroticism
light,Neuroticism
luck,Neuroticism
hassle,Neuroticism
recognize,Neuroticism
skilful,Neuroticism
pay_back,Neuroticism
conform_to,Neuroticism
week,Neuroticism
name,Neuroticism
care,Neuroticism
ring,Neuroticism
pick_up,Neuroticism
rear,Neuroticism
estimate,Neuroticism
infliction,Neuroticism
consider,Neuroticism
escort,Neuroticism
snuff_it,Neuroticism
sentry,Neuroticism
close_up,Neuroticism
old,Neuroticism
avail,Neuroticism
memorize,Neuroticism
ramble,Neuroticism
discursive,Neuroticism
Menachem_Begin,Neuroticism
mingy,Neuroticism
spell,Neuroticism
supporter,Neuroticism
knowingness,Neuroticism
entail,Neuroticism
stuffy,Neuroticism
run,Neuroticism
typecast,Neuroticism
attend,Neuroticism
entrust,Neuroticism
grounds,Neuroticism
scram,Neuroticism
relegate,Neuroticism
foregather,Neuroticism
hollo,Neuroticism
bump,Neuroticism
wandering,Neuroticism
let_out,Neuroticism
chance,Neuroticism
ilk,Neuroticism
winding,Neuroticism
bottom,Neuroticism
come_in,Neuroticism
easy,Neuroticism
glad,Neuroticism
class,Neuroticism
inclination,Neuroticism
smart,Neuroticism
fulfil,Neuroticism
happen,Neuroticism
meandering,Neuroticism
go_out,Neuroticism
bewilder,Neuroticism
go,Neuroticism
shut,Neuroticism
incur,Neuroticism
direction,Neuroticism
townsfolk,Neuroticism
passel,Neuroticism
choke,Neuroticism
trusted,Neuroticism
blend,Neuroticism
ejaculate,Neuroticism
mom,Neuroticism
address,Neuroticism
older,Neuroticism
assistance,Neuroticism
hit_the_hay,Neuroticism
signify,Neuroticism
shot,Neuroticism
study,Neuroticism
course_of_instruction,Neuroticism
rank,Neuroticism
fry,Neuroticism
chosen,Neuroticism
break_off,Neuroticism
wish,Neuroticism
stream,Neuroticism
song,Neuroticism
healthy,Neuroticism
fashion,Neuroticism
match,Neuroticism
visit,Neuroticism
ruefulness,Neuroticism
let,Neuroticism
call_in,Neuroticism
unwrap,Neuroticism
brace,Neuroticism
observe,Neuroticism
sports_meeting,Neuroticism
novel,Neuroticism
clear,Neuroticism
hem_in,Neuroticism
small_fry,Neuroticism
decide,Neuroticism
dear,Neuroticism
ground,Neuroticism
blab_out,Neuroticism
lecture,Neuroticism
stratum,Neuroticism
honest,Neuroticism
vociferation,Neuroticism
bid,Neuroticism
year,Neuroticism
arrest,Neuroticism
adopt,Neuroticism
ending,Neuroticism
different,Neuroticism
interrupt,Neuroticism
do_it,Neuroticism
set_out,Neuroticism
slow,Neuroticism
pretend,Neuroticism
palpate,Neuroticism
regard,Neuroticism
wound,Neuroticism
holler,Neuroticism
gauge,Neuroticism
motion_picture,Neuroticism
sure_as_shooting,Neuroticism
salutary,Neuroticism
Quaker,Neuroticism
same,Neuroticism
weigh,Neuroticism
take_up,Neuroticism
hold_up,Neuroticism
reason_out,Neuroticism
smell,Neuroticism
say,Neuroticism
picket,Neuroticism
fling,Neuroticism
chaffer,Neuroticism
the_great_unwashed,Neuroticism
people,Neuroticism
dwelling,Neuroticism
interior,Neuroticism
stay_on,Neuroticism
fuck_off,Neuroticism
string_up,Neuroticism
voice,Neuroticism
reasonableness,Neuroticism
inconvenience,Neuroticism
twosome,Neuroticism
cerebrate,Neuroticism
buy_the_farm,Neuroticism
tone,Neuroticism
supposition,Neuroticism
belong,Neuroticism
claim,Neuroticism
township,Neuroticism
perish,Neuroticism
break_away,Neuroticism
have_sex,Neuroticism
miss,Neuroticism
lose,Neuroticism
bust,Neuroticism
capture,Neuroticism
lookout,Neuroticism
try,Neuroticism
tactual_sensation,Neuroticism
understand,Neuroticism
gain,Neuroticism
level,Neuroticism
verbalize,Neuroticism
conjecture,Neuroticism
four_hours,Neuroticism
call,Neuroticism
fracture,Neuroticism
future,Neuroticism
serious,Neuroticism
agency,Neuroticism
catch,Neuroticism
watercourse,Neuroticism
think,Neuroticism
exit,Neuroticism
drift,Neuroticism
shout_out,Neuroticism
workweek,Neuroticism
inspect,Neuroticism
derive,Neuroticism
finger,Neuroticism
opinion,Neuroticism
tactile_property,Neuroticism
laugh_at,Neuroticism
happy_chance,Neuroticism
disoblige,Neuroticism
want,Neuroticism
duad,Neuroticism
bring,Neuroticism
assure,Neuroticism
go_bad,Neuroticism
heel,Neuroticism
composition,Neuroticism
take_heed,Neuroticism
founder,Neuroticism
tramp,Neuroticism
take_over,Neuroticism
infer,Neuroticism
rib,Neuroticism
dwelling_house,Neuroticism
cash_in_one's_chips,Neuroticism
get_going,Neuroticism
distribute,Neuroticism
facilitate,Neuroticism
small,Neuroticism
respectable,Neuroticism
slight,Neuroticism
citizenry,Neuroticism
expire,Neuroticism
annoy,Neuroticism
blend_in,Neuroticism
jest_at,Neuroticism
William_Tell,Neuroticism
playfulness,Neuroticism
mode,Neuroticism
dispense,Neuroticism
gentle,Neuroticism
moving,Neuroticism
experience,Neuroticism
close,Neuroticism
stupefy,Neuroticism
survive,Neuroticism
penning,Neuroticism
number,Neuroticism
expend,Neuroticism
retire,Neuroticism
division,Neuroticism
speech_sound,Neuroticism
sport,Neuroticism
impart,Neuroticism
help,Neuroticism
distress,Neuroticism
last,Neuroticism
cause,Neuroticism
give_away,Neuroticism
close_down,Neuroticism
cognisance,Neuroticism
conclusion,Neuroticism
materialise,Neuroticism
teach,Neuroticism
fence_in,Neuroticism
unspoiled,Neuroticism
allot,Neuroticism
parent,Neuroticism
right_smart,Neuroticism
pair,Neuroticism
imply,Neuroticism
piece_of_writing,Neuroticism
flock,Neuroticism
nark,Neuroticism
nettle,Neuroticism
narrate,Neuroticism
rag,Neuroticism
cry,Neuroticism
impose,Neuroticism
plenty,Neuroticism
conclude,Neuroticism
leave_behind,Neuroticism
means,Neuroticism
put_on,Neuroticism
total,Neuroticism
instruct,Neuroticism
guesswork,Neuroticism
committal_to_writing,Neuroticism
think_of,Neuroticism
fuck,Neuroticism
nonplus,Neuroticism
confining,Neuroticism
realize,Neuroticism
destiny,Neuroticism
clip,Neuroticism
continue,Neuroticism
situated,Neuroticism
sorrow,Neuroticism
nursing_home,Neuroticism
talk_of_the_town,Neuroticism
mickle,Neuroticism
contract,Neuroticism
soft,Neuroticism
movie,Neuroticism
take_place,Neuroticism
skillful,Neuroticism
tike,Neuroticism
adjudicate,Neuroticism
yell,Neuroticism
order,Neuroticism
look_at,Neuroticism
place,Neuroticism
bunch,Neuroticism
semen,Neuroticism
sham,Neuroticism
fille,Neuroticism
rupture,Neuroticism
do,Neuroticism
irritate,Neuroticism
airless,Neuroticism
cat,Neuroticism
hang_up,Neuroticism
band,Neuroticism
quietus,Neuroticism
acquaintance,Neuroticism
proficient,Neuroticism
have_a_go_at_it,Neuroticism
practiced,Neuroticism
wad,Neuroticism
bring_in,Neuroticism
lot,Neuroticism
quite_a_little,Neuroticism
remember,Neuroticism
eternal_rest,Neuroticism
fitting,Neuroticism
Guy,Neuroticism
pelt,Neuroticism
judge,Neuroticism
turn_in,Neuroticism
fold,Neuroticism
obtain,Neuroticism
in_force,Neuroticism
meanspirited,Neuroticism
nap,Neuroticism
pull_in,Neuroticism
bankrupt,Neuroticism
pain,Neuroticism
rue,Neuroticism
way_of_life,Neuroticism
aim,Neuroticism
suffer,Neuroticism
mother,Neuroticism
in_effect,Neuroticism
mammy,Neuroticism
outride,Neuroticism
kick_downstairs,Neuroticism
momma,Neuroticism
roast,Neuroticism
typewrite,Neuroticism
ramble_on,Neuroticism
picayune,Neuroticism
acquire,Neuroticism
overleap,Neuroticism
travel,Neuroticism
wounded,Neuroticism
touch,Neuroticism
interruption,Neuroticism
notion,Neuroticism
check,Neuroticism
prosperous,Neuroticism
levelheaded,Neuroticism
intelligent,Neuroticism
read,Neuroticism
wishing,Neuroticism
nipper,Neuroticism
ruin,Neuroticism
settle,Neuroticism
raise,Neuroticism
lilliputian,Neuroticism
spill_the_beans,Neuroticism
predict,Neuroticism
vigil,Neuroticism
gaolbreak,Neuroticism
tilt,Neuroticism
respite,Neuroticism
recite,Neuroticism
babble,Neuroticism
Begin,Neuroticism
pass,Neuroticism
run_into,Neuroticism
goodness,Neuroticism
domicile,Neuroticism
fill,Neuroticism
suppose,Neuroticism
college,Neuroticism
date,Neuroticism
daylight,Neuroticism
depart,Neuroticism
break_out,Neuroticism
come,Neuroticism
trade_good,Neuroticism
fiddling,Neuroticism
sire,Neuroticism
home,Neuroticism
pot,Neuroticism
take_in,Neuroticism
get_laid,Neuroticism
jog,Neuroticism
become,Neuroticism
go_forth,Neuroticism
hail,Neuroticism
for_certain,Neuroticism
form,Neuroticism
off,Neuroticism
awareness,Neuroticism
day,Neuroticism
anguish,Neuroticism
demote,Neuroticism
botheration,Neuroticism
screw,Neuroticism
secure,Neuroticism
good_deal,Neuroticism
split,Neuroticism
indite,Neuroticism
indisputable,Neuroticism
course,Neuroticism
palisade,Neuroticism
halt,Neuroticism
understanding,Neuroticism
soften,Neuroticism
proceed,Neuroticism
lead,Neuroticism
rest,Neuroticism
baby,Neuroticism
pain_in_the_neck,Neuroticism
honorable,Neuroticism
reveal,Neuroticism
picture_show,Neuroticism
eternal_sleep,Neuroticism
conceive,Neuroticism
sentence,Neuroticism
pen,Neuroticism
duet,Neuroticism
rifle,Neuroticism
usurp,Neuroticism
effectual,Neuroticism
secernate,Neuroticism
get,Neuroticism
habitation,Neuroticism
discommode,Neuroticism
peck,Neuroticism
lack,Neuroticism
guy_cable,Neuroticism
get_wind,Neuroticism
similar,Neuroticism
wander,Neuroticism
geological_fault,Neuroticism
rambling,Neuroticism
family,Neuroticism
beget,Neuroticism
full,Neuroticism
speak,Neuroticism
couple_on,Neuroticism
sojourn,Neuroticism
have,Neuroticism
hatful,Neuroticism
gather,Neuroticism
prison,Neuroticism
base,Neuroticism
clock_time,Neuroticism
spill,Neuroticism
rationality,Neuroticism
Call,Neuroticism
span,Neuroticism
daytime,Neuroticism
intuitive_feeling,Neuroticism
girl,Neuroticism
corresponding,Neuroticism
assist,Neuroticism
digressive,Neuroticism
call_up,Neuroticism
fun,Neuroticism
appease,Neuroticism
infract,Neuroticism
